,,,,,,,,,Skin,,,
,,Eye color,,,,Hair Color,,,sensitive,,Freckles ,
Variant,,,,,,,Dark ,,,,,
Locus,All,Blue,Green,Brown,,,Red,Blond,Dblond,Brown ,,Yes,No ,Yes ,No
rs12896399 T,54.7,57.7,39.5,54,56.5,67.8,56,44.3,57.5,52.6,54.2 54.9 ,
SLC24A4,56,58.3,48.5,52,57.2,67.8,55.9,47.5,56.5,55.5,56.4 55.5 ,
,47.8,50.8,33.2,48.1,44.8,57.9,46.6,42.5,47.7,48,48.4 47.6 ,
rs12821256 C ,19.6,19.6,20.9,17.8,19.9,27.8,20.2,14.2,20.2,19.2,18.8 20.6 ,
KITLG,20.9,21.5,20,18.6,19.1,26.7,21.8,16.1,23.2,19.8,20.9 20.8 ,
,12.2,12.3,10.6,12.7,8.3,15.8,13.4,7.2,11.1,12.9,11.9 12.3 ,
rs1540771 A,46.8,46.9,47.1,44.2,46.9,42.5,45.2,51.7,50,45.2,50.8 42.4 ,
6P25.3,44.2,44.9,41.6,40.8,48.1,42.7,43.2,46.6,46.1,43.3,46.7 41.3 ,
,45.4,45.3,48.4,43.8,46.7,43.4,46.2,45.4,47,44.3,49.1 43.4 ,
rs1393350 A,29.3,31.1,22.9,27.3,30,32.7,29.2,27.4,32.2,27.4,30.4 27.9 ,
TYR-1,30.5,32.3,25,27.3,31.5,34.1,30.9,27.5,36,27.4,31.7 29.0 ,
,25.8,27.5,21.5,24.3,21.7,28.1,25.9,24.3,27,25,27.1 25.3 ,
rs1042602 C,70.2,70.5,68.9,70.2,67,67.6,70.7,71.2,69.6,70.4,73.0 67.2 ,
TYR-2,72.2,71.9,74.3,72.1,71.9,69.6,72.2,73.8,73,72,75.2 68.6 ,
,62.4,62.5,59.1,63.4,66.7,63.1,60.8,64.6,60.4,63.8,65.5 60.7 ,
rs1667394 A,97.6,99,97.5,87.5,98.2,98.8,98.1,95.5,98.1,97.2,97.4 97.6 ,
OCA2-1,97.4,99.1,95.7,85.2,97.6,98.8,98.2,94.7,97.6,97.3,97.2 97.6 ,
,95,99.2,96.5,82.4,96.7,96.9,96,91.4,96.9,93.7,95.8 94.5 ,
rs7495174 A,94.1,98.6,91.1,67,94,97.8,95.8,88.8,95.1,93.6,94.4 93.8 ,
OCA2-2,93.8,98.1,88.6,67,93,97.8,96.1,87.3,94.6,93.5,93.9 93.7 ,
,88,97.5,85.9,62.7,91.7,94.9,89.8,78.4,90.7,86,90.1 86.7 ,
rs1805008 T,13.5,13.5,13,12.8,34.3,13.9,12.3,8.7,18.8,10.4,18.4,9.1
MC1R-1,12.5,12.1,13.7,11.9,35.4,13.8,11.4,8.3,18,9.9,17.1,7.4
,8.3,8.6,9.8,6.8,24.1,10.8,7.7,5.9,10.6,6.7,12,6.2
rs1805007 T,9.6,9.7,10.4,7.8,35.7,11.8,7,6.1,15.1,6.4,15.1,4.5
MC1R-2,10.3,9.8,12.8,11.2,36.4,13.1,7.5,6.9,16.8,6.8,14,6
,6.1,6.1,5.5,6.7,41.7,6.7,5,4.3,8.5,4.4,11.4,3.1